block,model,K,level,constraint_strength,target_tpr_gap,overlap_at_k,gap_pp,ratio,D,tpr_white,tpr_bp,n_realised,n_target,zero_sum_value
B3,logistic_regression,0.1,0,0.0,0.2214625227983133,0.49132014533710133,14.547196804059709,4.138423014209178,3.521825705808217,0.5699138502319416,0.34845132743362833,2477,2477,2.020605904817785e-13
B3,logistic_regression,0.1,1,0.09999999999999998,0.19931627051848197,0.48526443278159065,12.567650922780894,3.3411694123679783,1.5422798245294018,0.559973492379059,0.3606194690265487,2477,2477,7.416289804496046e-14
B3,logistic_regression,0.1,2,0.19999999999999996,0.17717001823865064,0.4832458619297537,11.675963588871515,3.0490436680586224,0.6505924906200224,0.5513585155732273,0.375,2477,2477,-3.9968028886505635e-15
B3,logistic_regression,0.1,3,0.30000000000000004,0.1550237659588193,0.48041986273718207,10.819943748318517,2.7987711094213386,-0.2054273499329753,0.5407554671968191,0.3860619469026549,2477,2477,1.91402449445377e-13
B3,logistic_regression,0.1,4,0.4,0.13287751367898798,0.4788050060557126,10.356266334685643,2.67391305911221,-0.6691047635658496,0.5308151093439364,0.3971238938053097,2477,2477,2.020605904817785e-13
B3,logistic_regression,0.1,5,0.5,0.11073126139915665,0.4784012918853452,9.482412747454452,2.456502444829591,-1.54295835079704,0.5222001325381047,0.41150442477876104,2477,2477,2.446931546273845e-13
B3,logistic_regression,0.1,6,0.6,0.08858500911932532,0.47476786435203877,8.662060400257825,2.2711909376153563,-2.3633106979936667,0.5089463220675944,0.42035398230088494,2477,2477,2.020605904817785e-13
B3,logistic_regression,0.1,7,0.7,0.06643875683949399,0.4735567218409366,7.930876786452136,2.119414062728962,-3.094494311799356,0.49569251159708416,0.42920353982300885,2477,2477,-2.531308496145357e-14
B3,logistic_regression,0.1,8,0.8,0.04429250455966266,0.4719418651594671,7.342363146071948,2.0054257671542466,-3.683007952179544,0.48641484426772696,0.4424778761061947,2477,2477,5.995204332975845e-14
B3,logistic_regression,0.1,9,0.9,0.02214625227983133,0.4683084376261607,6.343673332093448,1.8268066490064996,-4.681697766158044,0.4685222001325381,0.4469026548672566,2477,2477,5.995204332975845e-14
B3,logistic_regression,0.1,10,1.0,0.0,0.46507872426322167,5.665990958322324,1.7150952755315967,-5.3593801399291685,0.4572564612326044,0.4579646017699115,2477,2477,1.1679546219056647e-13
B3,gradient_boosting,0.1,0,0.0,0.21282702017980615,0.4977795720629794,14.386693083956022,4.064507268024106,3.36132198570453,0.5745526838966203,0.36172566371681414,2477,2477,1.7363888105137448e-13
B3,gradient_boosting,0.1,1,0.09999999999999998,0.19154431816182554,0.49454985870004037,12.692487149528208,3.3849592789032843,1.6671160512767162,0.5646123260437376,0.372787610619469,2477,2477,4.574118861455645e-14
B3,gradient_boosting,0.1,2,0.20000000000000007,0.1702616161438449,0.4929350020185709,12.175308495860769,3.2083239182013332,1.1499373976092766,0.5553346587143804,0.38495575221238937,2477,2477,-3.952393967665557e-14
B3,gradient_boosting,0.1,3,0.29999999999999993,0.1489789141258643,0.49091643116673395,11.390623642020518,2.962582423872591,0.36525254376902616,0.5414181577203446,0.3926991150442478,2477,2477,2.589040093425865e-13
B3,gradient_boosting,0.1,4,0.4,0.12769621210788368,0.4901090028259992,10.748608761605766,2.7791003245302655,-0.27676233664572614,0.5314777998674619,0.40376106194690264,2477,2477,1.3633538742396922e-13
B3,gradient_boosting,0.1,5,0.5,0.10641351008990307,0.48930157448526446,10.088760134512826,2.6049818512310585,-0.9366109637386657,0.5235255135851558,0.4170353982300885,2477,2477,3.863576125695545e-14
B3,gradient_boosting,0.1,6,0.5999999999999999,0.08513080807192247,0.4876867178037949,9.054402827177949,2.3577121863129706,-1.9709682710735432,0.5129224652087475,0.4280973451327434,2477,2477,-5.3734794391857577e-14
B3,gradient_boosting,0.1,7,0.7,0.06384810605394184,0.4844570044408559,8.394554200085011,2.21428389073818,-2.630816898166481,0.5009940357852882,0.43694690265486724,2477,2477,3.1086244689504383e-15
B3,gradient_boosting,0.1,8,0.7999999999999999,0.042565404035961235,0.4775938635446104,7.788206813026636,2.0911414633051657,-3.237164285224856,0.49039098740888004,0.4480088495575221,2477,2477,3.1530333899354446e-14
B3,gradient_boosting,0.1,9,0.8999999999999999,0.02128270201798063,0.473960436011304,6.807350745726322,1.9075468929931791,-4.21802035252517,0.47647448641484424,0.4557522123893805,2477,2477,-5.3734794391857577e-14
B3,gradient_boosting,0.1,10,1.0,0.0,0.47234557932983445,6.218837105346134,1.8056825317405234,-4.806533992905358,0.4665341285619616,0.4668141592920354,2477,2477,5.995204332975845e-14
B4,logistic_regression,0.1,0,0.0,0.28093166663734404,0.4957610012111425,16.767837528627876,5.378429299501192,5.742466430376384,0.5984095427435387,0.3174778761061947,2477,2477,1.6564527527407336e-13
B4,logistic_regression,0.1,1,0.09999999999999998,0.25283849997360963,0.4901090028259992,14.502951700498059,4.106749695955348,3.477580602246567,0.584493041749503,0.33185840707964603,2477,2477,5.1958437552457326e-14
B4,logistic_regression,0.1,2,0.19999999999999996,0.22474533330987523,0.48687928946306014,13.57559687323231,3.7088592179855513,2.5502257749808184,0.5705765407554672,0.34513274336283184,2477,2477,8.038014698286133e-14
B4,logistic_regression,0.1,3,0.30000000000000004,0.19665216664614082,0.48486071861122326,12.469904579184682,3.3003252722503293,1.44453348093319,0.5593108018555335,0.36283185840707965,2477,2477,-4.729550084903167e-14
B4,logistic_regression,0.1,4,0.4,0.16855899998240642,0.48041986273718207,11.506882258562559,2.9916769349249135,0.4815111603110669,0.5500331345261763,0.38163716814159293,2477,2477,8.748557434046234e-14
B4,logistic_regression,0.1,5,0.5,0.14046583331867202,0.4775938635446104,10.633028671331367,2.742827047914649,-0.3923424269201252,0.536779324055666,0.39601769911504425,2477,2477,5.551115123125783e-14
B4,logistic_regression,0.1,6,0.6,0.11237266665493761,0.47557529269277354,9.723507590743806,2.5103848457622044,-1.3018635075076865,0.5208747514910537,0.4081858407079646,2477,2477,1.3722356584366935e-13
B4,logistic_regression,0.1,7,0.7,0.08427949999120321,0.473960436011304,8.778319016799866,2.2932649952279567,-2.247052081451626,0.510934393638171,0.4269911504424779,2477,2477,-8.992806499463768e-14
B4,logistic_regression,0.1,8,0.8,0.05618633332746881,0.4719418651594671,7.60129173603949,2.0522994821052842,-3.4240793622120025,0.49105367793240556,0.43473451327433627,2477,2477,1.0880185641326534e-13
B4,logistic_regression,0.1,9,0.9,0.028093166663734404,0.4691158659668954,6.584768175382799,1.866431920210013,-4.440602922868693,0.4731610337972167,0.44579646017699115,2477,2477,-1.467714838554457e-13
B4,logistic_regression,0.1,10,1.0,0.0,0.46628986677432377,5.461242134656986,1.6813057012304784,-5.564128963594506,0.45593108018555334,0.4557522123893805,2477,2477,-1.1834977442504169e-13
B4,gradient_boosting,0.1,0,0.0,0.2780514552801187,0.5010092854259185,16.14297786862367,5.007957374103368,5.117606770372179,0.6010603048376408,0.3230088495575221,2477,2477,-5.3734794391857577e-14
B4,gradient_boosting,0.1,1,0.10000000000000009,0.2502463097521068,0.49939442874444895,14.591441907621356,4.1705507559673665,3.5660708093698634,0.588469184890656,0.33738938053097345,2477,2477,5.995204332975845e-14
B4,gradient_boosting,0.1,2,0.20000000000000007,0.22244116422409496,0.4985870004037142,13.878092040493854,3.851882007507183,2.852720942242362,0.5772034459907224,0.35398230088495575,2477,2477,8.837375276016246e-14
B4,gradient_boosting,0.1,3,0.29999999999999993,0.1946360186960831,0.49697214372224463,12.825900986480788,3.4403049050282855,1.8005298882292955,0.5632869449966865,0.36836283185840707,2477,2477,-6.794564910705958e-14
B4,gradient_boosting,0.1,4,0.4,0.16683087316807121,0.4929350020185709,11.862878665858663,3.11368585169917,0.8375075676071706,0.5493704440026508,0.3827433628318584,2477,2477,-6.794564910705958e-14
B4,gradient_boosting,0.1,5,0.5,0.13902572764005935,0.4925312878482035,10.775020118489225,2.7913027408838564,-0.25035097976226695,0.536779324055666,0.39823008849557523,2477,2477,1.0613732115416497e-13
B4,gradient_boosting,0.1,6,0.6,0.1112205821120475,0.49051271699636656,9.794164051188911,2.5355343121662117,-1.2312070470625809,0.5228628230616302,0.41150442477876104,2477,2477,3.1530333899354446e-14
B4,gradient_boosting,0.1,7,0.7,0.08341543658403561,0.48486071861122326,8.545801783715785,2.249287336046096,-2.4795693145357074,0.5069582504970179,0.42367256637168144,2477,2477,-8.215650382226158e-14
B4,gradient_boosting,0.1,8,0.8,0.05561029105602375,0.4820347194186516,7.903786903301034,2.116631088157595,-3.121584194950458,0.4943671305500331,0.43805309734513276,2477,2477,3.1530333899354446e-14
B4,gradient_boosting,0.1,9,0.8999999999999999,0.027805145528011888,0.47517157852240616,7.047767062748032,1.9530217157617764,-3.97760403550346,0.4804506295559973,0.4524336283185841,2477,2477,3.1530333899354446e-14
B4,gradient_boosting,0.1,10,1.0,0.0,0.4695195801372628,6.031243502091345,1.7760678236123486,-4.994127596160147,0.46587143803843606,0.4657079646017699,2477,2477,5.995204332975845e-14
