block,model,K,mitigation,overlap_at_k,jaccard,pr_auc,roc_auc,rate_white_pct,rate_bp_pct,gap_pp,ratio,bench_gap_pp,D,zero_sum_value,white_p_g,white_q_g,white_net_realloc,white_fpr,white_fnr,bp_p_g,bp_q_g,bp_net_realloc,bp_fpr,bp_fnr,source,level,constraint_strength,tpr_white,tpr_bp,tpr_gap,tau_white,tau_bp,n_realised,n_target,target_tpr_gap,overlap_above_anchor,gap_above_anchor
B3,logistic_regression,0.1,reweighing,0.4800161485668147,0.3158034528552457,0.4653170452351804,0.86625338241197,18.126684636118597,5.302079894354572,12.824604741764023,3.4187875319304633,11.025371098251492,1.7992336435125331,-4.085620730620576e-14,0.1698113207547169,0.1812668463611859,0.011455525606469,0.1059253246753246,0.4503968253968254,0.059557609772202,0.0530207989435457,-0.0065368108286563,0.0337007652882117,0.6419068736141907,E1_reweighing,0,,,,,,,,,,0.38401614856681465,13.214604741764024
B3,gradient_boosting,0.1,reweighing,0.4909164311667339,0.3253076511503477,0.4749801520291098,0.8698588745685835,17.800988319856245,5.4671508748761966,12.333837444980048,3.2559899529495513,11.025371098251492,1.3084663467285562,1.6608936448392344e-13,0.1698113207547169,0.1780098831985624,0.0081985624438454,0.0995670995670995,0.4384920634920635,0.059557609772202,0.0546715087487619,-0.00488610102344,0.0346837042757846,0.6297117516629712,E1_reweighing,0,,,,,,,,,,0.3949164311667339,12.723837444980049
B4,logistic_regression,0.1,reweighing,0.4626564392410173,0.3009453781512605,0.4367112960610769,0.8509848071199834,13.690476190476192,7.817761637504127,5.872714552972065,1.7512015363577864,11.025371098251492,-5.152656545279427,2.842170943040401e-13,0.1698113207547169,0.1369047619047619,-0.032906558849955,0.0707521645021645,0.5396825396825397,0.059557609772202,0.0781776163750412,0.0186200066028392,0.0542722740995576,0.5443458980044346,E1_reweighing,0,,,,,,,,,,0.3666564392410173,6.2627145529720645
B4,gradient_boosting,0.1,reweighing,0.4691158659668954,0.3064345991561181,0.4502531232350057,0.8587139627982977,13.757861635220126,7.731924727632881,6.025936907587244,1.779357937364721,11.025371098251492,-4.999434190664248,6.039613253960853e-14,0.1698113207547169,0.1375786163522012,-0.0322327044025157,0.0693993506493506,0.5291005291005291,0.059557609772202,0.0773192472763288,0.0177616375041267,0.0534999648950361,0.5465631929046563,E1_reweighing,0,,,,,,,,,,0.3731158659668954,6.415936907587244
B3,logistic_regression,0.1,threshold_eq_opp,0.4650787242632216,0.3029984218832193,0.4721948314766578,0.8686669048143951,13.589398023360287,7.923407065037965,5.665990958322324,1.715095275531597,11.025371098251492,-5.3593801399291685,1.167954621905665e-13,,,-0.033917340521114,0.0693993506493506,0.5390211640211641,,,0.0196764608781776,0.0551147932317629,0.5399113082039911,E2_threshold,10,1.0,0.4609788359788359,0.4600886917960088,0.000890144182827,0.3603654670242777,0.1978943647319807,2477.0,2477.0,,0.36907872426322164,6.055990958322323
B3,gradient_boosting,0.1,threshold_eq_opp,0.4723455793298344,0.3091966173361522,0.4856631290735657,0.8714139136968493,13.937556154537289,7.718719049191153,6.218837105346134,1.8056825317405232,11.025371098251492,-4.806533992905358,5.995204332975845e-14,,,-0.0304357592093441,0.0715638528138528,0.5291005291005291,,,0.0176295807197094,0.0526574457628308,0.5354767184035477,E2_threshold,10,1.0,0.4708994708994709,0.4645232815964523,0.0063761893030186,0.3958017996790023,0.2196132846993309,2477.0,2477.0,,0.37634557932983437,6.608837105346134
B4,logistic_regression,0.1,threshold_eq_opp,0.4662898667743237,0.3040273756251645,0.4751419053196917,0.8697905116506361,13.477088948787062,8.015846814130075,5.461242134656986,1.6813057012304784,11.025371098251492,-5.564128963594506,-1.1834977442504169e-13,,,-0.0350404312668463,0.0688582251082251,0.542989417989418,,,0.0206008583690987,0.055395632942498,0.5288248337028825,E2_threshold,10,1.0,0.457010582010582,0.4711751662971175,-0.0141645842865355,0.3880414068603098,0.1726220915022693,2477.0,2477.0,,0.37028986677432374,5.851242134656986
B4,gradient_boosting,0.1,threshold_eq_opp,0.4695195801372628,0.3067792139277235,0.4904435435914603,0.8733017332262772,13.802785265049415,7.771541762958072,6.031243502091345,1.7760678236123486,11.025371098251492,-4.994127596160147,5.995204332975845e-14,,,-0.0317834681042228,0.0699404761904761,0.5291005291005291,,,0.0181578078573786,0.0536403847504037,0.5421286031042128,E2_threshold,10,1.0,0.4708994708994709,0.4578713968957871,0.0130280740036837,0.4217913754221228,0.1965322143002377,2477.0,2477.0,,0.37351958013726283,6.421243502091345
B3,logistic_regression,0.1,,0.4913201453371013,,,,,,14.547196804059707,4.138423014209178,,3.521825705808217,2.0206059048177852e-13,,,,,,,,,,,E3_frontier,0,0.0,0.5699138502319416,0.3484513274336283,,,,2477.0,2477.0,0.2214625227983133,0.39532014533710125,14.937196804059708
B3,logistic_regression,0.1,,0.4852644327815906,,,,,,12.567650922780894,3.3411694123679783,,1.5422798245294018,7.416289804496047e-14,,,,,,,,,,,E3_frontier,1,0.0999999999999999,0.559973492379059,0.3606194690265487,,,,2477.0,2477.0,0.1993162705184819,0.3892644327815906,12.957650922780894
B3,logistic_regression,0.1,,0.4832458619297537,,,,,,11.675963588871516,3.0490436680586224,,0.6505924906200224,-3.9968028886505635e-15,,,,,,,,,,,E3_frontier,2,0.1999999999999999,0.5513585155732273,0.375,,,,2477.0,2477.0,0.1771700182386506,0.38724586192975374,12.065963588871517
B3,logistic_regression,0.1,,0.480419862737182,,,,,,10.819943748318517,2.7987711094213386,,-0.2054273499329753,1.91402449445377e-13,,,,,,,,,,,E3_frontier,3,0.3,0.5407554671968191,0.3860619469026549,,,,2477.0,2477.0,0.1550237659588193,0.384419862737182,11.209943748318517
B3,logistic_regression,0.1,,0.4788050060557126,,,,,,10.356266334685644,2.67391305911221,,-0.6691047635658496,2.0206059048177852e-13,,,,,,,,,,,E3_frontier,4,0.4,0.5308151093439364,0.3971238938053097,,,,2477.0,2477.0,0.1328775136789879,0.38280500605571255,10.746266334685645
B3,logistic_regression,0.1,,0.4784012918853452,,,,,,9.482412747454452,2.456502444829591,,-1.54295835079704,2.446931546273845e-13,,,,,,,,,,,E3_frontier,5,0.5,0.5222001325381047,0.411504424778761,,,,2477.0,2477.0,0.1107312613991566,0.3824012918853452,9.872412747454453
B3,logistic_regression,0.1,,0.4747678643520387,,,,,,8.662060400257825,2.2711909376153563,,-2.3633106979936667,2.0206059048177852e-13,,,,,,,,,,,E3_frontier,6,0.6,0.5089463220675944,0.4203539823008849,,,,2477.0,2477.0,0.0885850091193253,0.3787678643520387,9.052060400257826
B3,logistic_regression,0.1,,0.4735567218409366,,,,,,7.930876786452136,2.119414062728962,,-3.094494311799356,-2.5313084961453572e-14,,,,,,,,,,,E3_frontier,7,0.7,0.4956925115970841,0.4292035398230088,,,,2477.0,2477.0,0.0664387568394939,0.3775567218409366,8.320876786452136
B3,logistic_regression,0.1,,0.4719418651594671,,,,,,7.342363146071948,2.0054257671542466,,-3.683007952179544,5.995204332975845e-14,,,,,,,,,,,E3_frontier,8,0.8,0.4864148442677269,0.4424778761061947,,,,2477.0,2477.0,0.0442925045596626,0.37594186515946715,7.732363146071948
B3,logistic_regression,0.1,,0.4683084376261607,,,,,,6.343673332093448,1.8268066490064996,,-4.681697766158044,5.995204332975845e-14,,,,,,,,,,,E3_frontier,9,0.9,0.4685222001325381,0.4469026548672566,,,,2477.0,2477.0,0.0221462522798313,0.3723084376261607,6.733673332093447
B3,logistic_regression,0.1,,0.4650787242632216,,,,,,5.665990958322324,1.715095275531597,,-5.3593801399291685,1.167954621905665e-13,,,,,,,,,,,E3_frontier,10,1.0,0.4572564612326044,0.4579646017699115,,,,2477.0,2477.0,0.0,0.36907872426322164,6.055990958322323
B3,gradient_boosting,0.1,,0.4977795720629794,,,,,,14.386693083956022,4.064507268024106,,3.36132198570453,1.7363888105137448e-13,,,,,,,,,,,E3_frontier,0,0.0,0.5745526838966203,0.3617256637168141,,,,2477.0,2477.0,0.2128270201798061,0.40177957206297943,14.776693083956022
B3,gradient_boosting,0.1,,0.4945498587000403,,,,,,12.692487149528208,3.3849592789032843,,1.6671160512767162,4.5741188614556456e-14,,,,,,,,,,,E3_frontier,1,0.0999999999999999,0.5646123260437376,0.372787610619469,,,,2477.0,2477.0,0.1915443181618255,0.39854985870004034,13.082487149528209
B3,gradient_boosting,0.1,,0.4929350020185709,,,,,,12.175308495860769,3.2083239182013332,,1.1499373976092766,-3.952393967665557e-14,,,,,,,,,,,E3_frontier,2,0.2,0.5553346587143804,0.3849557522123893,,,,2477.0,2477.0,0.1702616161438449,0.3969350020185709,12.56530849586077
B3,gradient_boosting,0.1,,0.4909164311667339,,,,,,11.390623642020518,2.962582423872591,,0.3652525437690261,2.589040093425865e-13,,,,,,,,,,,E3_frontier,3,0.2999999999999999,0.5414181577203446,0.3926991150442478,,,,2477.0,2477.0,0.1489789141258643,0.3949164311667339,11.780623642020519
B3,gradient_boosting,0.1,,0.4901090028259992,,,,,,10.748608761605766,2.7791003245302655,,-0.2767623366457261,1.3633538742396922e-13,,,,,,,,,,,E3_frontier,4,0.4,0.5314777998674619,0.4037610619469026,,,,2477.0,2477.0,0.1276962121078836,0.39410900282599914,11.138608761605767
B3,gradient_boosting,0.1,,0.4893015744852644,,,,,,10.088760134512826,2.6049818512310585,,-0.9366109637386656,3.8635761256955454e-14,,,,,,,,,,,E3_frontier,5,0.5,0.5235255135851558,0.4170353982300885,,,,2477.0,2477.0,0.106413510089903,0.39330157448526437,10.478760134512827
B3,gradient_boosting,0.1,,0.4876867178037949,,,,,,9.054402827177949,2.35771218631297,,-1.9709682710735432,-5.3734794391857577e-14,,,,,,,,,,,E3_frontier,6,0.5999999999999999,0.5129224652087475,0.4280973451327434,,,,2477.0,2477.0,0.0851308080719224,0.39168671780379494,9.44440282717795
B3,gradient_boosting,0.1,,0.4844570044408559,,,,,,8.394554200085011,2.21428389073818,,-2.630816898166481,3.1086244689504387e-15,,,,,,,,,,,E3_frontier,7,0.7,0.5009940357852882,0.4369469026548672,,,,2477.0,2477.0,0.0638481060539418,0.38845700444085585,8.784554200085012
B3,gradient_boosting,0.1,,0.4775938635446104,,,,,,7.788206813026636,2.0911414633051657,,-3.237164285224856,3.1530333899354446e-14,,,,,,,,,,,E3_frontier,8,0.7999999999999999,0.49039098740888,0.4480088495575221,,,,2477.0,2477.0,0.0425654040359612,0.38159386354461045,8.178206813026636
B3,gradient_boosting,0.1,,0.473960436011304,,,,,,6.807350745726322,1.9075468929931791,,-4.21802035252517,-5.3734794391857577e-14,,,,,,,,,,,E3_frontier,9,0.8999999999999999,0.4764744864148442,0.4557522123893805,,,,2477.0,2477.0,0.0212827020179806,0.377960436011304,7.197350745726322
B3,gradient_boosting,0.1,,0.4723455793298344,,,,,,6.218837105346134,1.8056825317405232,,-4.806533992905358,5.995204332975845e-14,,,,,,,,,,,E3_frontier,10,1.0,0.4665341285619616,0.4668141592920354,,,,2477.0,2477.0,0.0,0.37634557932983437,6.608837105346134
B4,logistic_regression,0.1,,0.4957610012111425,,,,,,16.767837528627876,5.378429299501192,,5.742466430376384,1.6564527527407338e-13,,,,,,,,,,,E3_frontier,0,0.0,0.5984095427435387,0.3174778761061947,,,,2477.0,2477.0,0.280931666637344,0.39976100121114255,17.157837528627876
B4,logistic_regression,0.1,,0.4901090028259992,,,,,,14.50295170049806,4.106749695955348,,3.477580602246567,5.1958437552457326e-14,,,,,,,,,,,E3_frontier,1,0.0999999999999999,0.584493041749503,0.331858407079646,,,,2477.0,2477.0,0.2528384999736096,0.39410900282599914,14.892951700498061
B4,logistic_regression,0.1,,0.4868792894630601,,,,,,13.57559687323231,3.7088592179855513,,2.5502257749808184,8.038014698286133e-14,,,,,,,,,,,E3_frontier,2,0.1999999999999999,0.5705765407554672,0.3451327433628318,,,,2477.0,2477.0,0.2247453333098752,0.39087928946306005,13.965596873232311
B4,logistic_regression,0.1,,0.4848607186112232,,,,,,12.469904579184682,3.3003252722503293,,1.44453348093319,-4.7295500849031675e-14,,,,,,,,,,,E3_frontier,3,0.3,0.5593108018555335,0.3628318584070796,,,,2477.0,2477.0,0.1966521666461408,0.3888607186112232,12.859904579184683
B4,logistic_regression,0.1,,0.480419862737182,,,,,,11.50688225856256,2.9916769349249135,,0.4815111603110669,8.748557434046235e-14,,,,,,,,,,,E3_frontier,4,0.4,0.5500331345261763,0.3816371681415929,,,,2477.0,2477.0,0.1685589999824064,0.384419862737182,11.896882258562561
B4,logistic_regression,0.1,,0.4775938635446104,,,,,,10.633028671331369,2.742827047914649,,-0.3923424269201252,5.5511151231257833e-14,,,,,,,,,,,E3_frontier,5,0.5,0.536779324055666,0.3960176991150442,,,,2477.0,2477.0,0.140465833318672,0.38159386354461045,11.02302867133137
B4,logistic_regression,0.1,,0.4755752926927735,,,,,,9.723507590743806,2.5103848457622044,,-1.3018635075076863,1.3722356584366937e-13,,,,,,,,,,,E3_frontier,6,0.6,0.5208747514910537,0.4081858407079646,,,,2477.0,2477.0,0.1123726666549376,0.37957529269277346,10.113507590743806
B4,logistic_regression,0.1,,0.473960436011304,,,,,,8.778319016799866,2.2932649952279567,,-2.247052081451626,-8.992806499463769e-14,,,,,,,,,,,E3_frontier,7,0.7,0.510934393638171,0.4269911504424779,,,,2477.0,2477.0,0.0842794999912032,0.377960436011304,9.168319016799867
B4,logistic_regression,0.1,,0.4719418651594671,,,,,,7.60129173603949,2.052299482105284,,-3.4240793622120025,1.0880185641326535e-13,,,,,,,,,,,E3_frontier,8,0.8,0.4910536779324055,0.4347345132743362,,,,2477.0,2477.0,0.0561863333274688,0.37594186515946715,7.991291736039489
B4,logistic_regression,0.1,,0.4691158659668954,,,,,,6.584768175382799,1.866431920210013,,-4.440602922868693,-1.467714838554457e-13,,,,,,,,,,,E3_frontier,9,0.9,0.4731610337972167,0.4457964601769911,,,,2477.0,2477.0,0.0280931666637344,0.3731158659668954,6.974768175382799
B4,logistic_regression,0.1,,0.4662898667743237,,,,,,5.461242134656986,1.6813057012304784,,-5.564128963594506,-1.1834977442504169e-13,,,,,,,,,,,E3_frontier,10,1.0,0.4559310801855533,0.4557522123893805,,,,2477.0,2477.0,0.0,0.37028986677432374,5.851242134656986
B4,gradient_boosting,0.1,,0.5010092854259185,,,,,,16.14297786862367,5.007957374103368,,5.117606770372179,-5.3734794391857577e-14,,,,,,,,,,,E3_frontier,0,0.0,0.6010603048376408,0.3230088495575221,,,,2477.0,2477.0,0.2780514552801187,0.4050092854259185,16.53297786862367
B4,gradient_boosting,0.1,,0.4993944287444489,,,,,,14.591441907621356,4.1705507559673665,,3.566070809369863,5.995204332975845e-14,,,,,,,,,,,E3_frontier,1,0.1,0.588469184890656,0.3373893805309734,,,,2477.0,2477.0,0.2502463097521068,0.40339442874444886,14.981441907621356
B4,gradient_boosting,0.1,,0.4985870004037142,,,,,,13.878092040493854,3.851882007507183,,2.852720942242362,8.837375276016247e-14,,,,,,,,,,,E3_frontier,2,0.2,0.5772034459907224,0.3539823008849557,,,,2477.0,2477.0,0.2224411642240949,0.4025870004037142,14.268092040493855
B4,gradient_boosting,0.1,,0.4969721437222446,,,,,,12.825900986480788,3.4403049050282855,,1.8005298882292955,-6.794564910705958e-14,,,,,,,,,,,E3_frontier,3,0.2999999999999999,0.5632869449966865,0.368362831858407,,,,2477.0,2477.0,0.1946360186960831,0.40097214372224455,13.215900986480788
B4,gradient_boosting,0.1,,0.4929350020185709,,,,,,11.862878665858664,3.11368585169917,,0.8375075676071706,-6.794564910705958e-14,,,,,,,,,,,E3_frontier,4,0.4,0.5493704440026508,0.3827433628318584,,,,2477.0,2477.0,0.1668308731680712,0.3969350020185709,12.252878665858665
B4,gradient_boosting,0.1,,0.4925312878482035,,,,,,10.775020118489223,2.7913027408838564,,-0.2503509797622669,1.0613732115416497e-13,,,,,,,,,,,E3_frontier,5,0.5,0.536779324055666,0.3982300884955752,,,,2477.0,2477.0,0.1390257276400593,0.39653128784820346,11.165020118489224
B4,gradient_boosting,0.1,,0.4905127169963665,,,,,,9.794164051188911,2.5355343121662117,,-1.2312070470625809,3.1530333899354446e-14,,,,,,,,,,,E3_frontier,6,0.6,0.5228628230616302,0.411504424778761,,,,2477.0,2477.0,0.1112205821120475,0.3945127169963665,10.184164051188912
B4,gradient_boosting,0.1,,0.4848607186112232,,,,,,8.545801783715785,2.249287336046096,,-2.4795693145357074,-8.215650382226158e-14,,,,,,,,,,,E3_frontier,7,0.7,0.5069582504970179,0.4236725663716814,,,,2477.0,2477.0,0.0834154365840356,0.3888607186112232,8.935801783715785
B4,gradient_boosting,0.1,,0.4820347194186516,,,,,,7.903786903301034,2.116631088157595,,-3.121584194950458,3.1530333899354446e-14,,,,,,,,,,,E3_frontier,8,0.8,0.4943671305500331,0.4380530973451327,,,,2477.0,2477.0,0.0556102910560237,0.38603471941865164,8.293786903301035
B4,gradient_boosting,0.1,,0.4751715785224061,,,,,,7.047767062748032,1.9530217157617764,,-3.97760403550346,3.1530333899354446e-14,,,,,,,,,,,E3_frontier,9,0.8999999999999999,0.4804506295559973,0.4524336283185841,,,,2477.0,2477.0,0.0278051455280118,0.3791715785224061,7.437767062748032
B4,gradient_boosting,0.1,,0.4695195801372628,,,,,,6.031243502091345,1.7760678236123486,,-4.994127596160147,5.995204332975845e-14,,,,,,,,,,,E3_frontier,10,1.0,0.465871438038436,0.4657079646017699,,,,2477.0,2477.0,0.0,0.37351958013726283,6.421243502091345
