task,variant,block,model,K,group_a,group_b,n_a,n_b,D_point,D_ci_lo,D_ci_hi,verdict,sign_reversal,ratio_point,ratio_ci_lo,ratio_ci_hi,gap_point_pp,bench_gap_point_pp
D1,K5_local,B1,logistic_regression,0.05,White,Black_Pardo,8904,15145,-3.3256544923481512,-4.191500969068991,-2.4899383082434343,attenuation,False,1.7037463844686624,1.5328944258937438,1.8923160070201137,2.797327985804786,6.122982478152937
D1,K5_global,B1,logistic_regression,0.05,White,Black_Pardo,8904,15145,-3.5490372045963596,-4.406216861592803,-2.731144366808186,attenuation,False,1.7209654572075954,1.5497233752984005,1.9119852167170368,2.82768888465706,6.376726089253419
D1,K5_local,B1,gradient_boosting,0.05,White,Black_Pardo,8904,15145,-3.074007267869119,-3.97712337565261,-2.213310879675566,attenuation,False,1.7879987979479255,1.6055636916150215,1.9844327116393328,3.0489752102838183,6.122982478152937
D1,K5_global,B1,gradient_boosting,0.05,White,Black_Pardo,8904,15145,-3.298068506384969,-4.22420638010463,-2.429901914764048,attenuation,False,1.8137219736918444,1.624993057365676,2.0140611698794983,3.0786575828684506,6.376726089253419
D1,K5_local,B2,logistic_regression,0.05,White,Black_Pardo,8904,15145,-2.3811444446718553,-3.249148449534109,-1.5797989530376773,attenuation,False,2.0417304598726287,1.8291287823652094,2.2746765747204094,3.741838033481082,6.122982478152937
D1,K5_global,B2,logistic_regression,0.05,White,Black_Pardo,8904,15145,-2.54831181181493,-3.438660650697051,-1.7410734493190558,attenuation,False,2.0484870566330184,1.8372174340731753,2.2768226073741755,3.8284142774384895,6.376726089253419
D1,K5_local,B2,gradient_boosting,0.05,White,Black_Pardo,8904,15145,-2.840193790068274,-3.645887782285467,-2.074064423510736,attenuation,False,1.8707151432756959,1.6808020559937191,2.0812751604187416,3.282788688084663,6.122982478152937
D1,K5_global,B2,gradient_boosting,0.05,White,Black_Pardo,8904,15145,-3.103193537641671,-3.9236760654790452,-2.328783332695593,attenuation,False,1.8713119594755698,1.6808433971072705,2.0855249464575643,3.2735325516117486,6.376726089253419
D1,K5_local,B3,logistic_regression,0.05,White,Black_Pardo,8904,15145,1.7054368418851373,0.961126210483446,2.4770755636513995,inconclusive,False,4.728346245345177,4.159926365497383,5.387407731902307,7.8284193200380745,6.122982478152937
D1,K5_global,B3,logistic_regression,0.05,White,Black_Pardo,8904,15145,1.488039250408673,0.7316781964223062,2.2801634959097092,inconclusive,False,4.710650189071102,4.140184772329477,5.358236651475386,7.8647653396620925,6.376726089253419
D1,K5_local,B3,gradient_boosting,0.05,White,Black_Pardo,8904,15145,1.2549651066939917,0.5189429888140319,2.0040587179576175,inconclusive,False,4.267222695102536,3.7285499438556537,4.822053116204709,7.377947584846929,6.122982478152937
D1,K5_global,B3,gradient_boosting,0.05,White,Black_Pardo,8904,15145,0.9113742359349288,0.14024609591558415,1.6536197559559784,inconclusive,False,4.227435070905775,3.6950883321073857,4.77513566603426,7.288100325188348,6.376726089253419
D1,K5_local,B4,logistic_regression,0.05,White,Black_Pardo,8904,15145,2.908875479528974,2.143361421354579,3.692381310553835,amplification,False,6.515624547140828,5.679816020113345,7.5121526121301745,9.031857957681911,6.122982478152937
D1,K5_global,B4,logistic_regression,0.05,White,Black_Pardo,8904,15145,2.7602203853317304,1.9833103487194905,3.5185494065008607,amplification,False,6.301879477302379,5.474263428114256,7.227120495343719,9.13694647458515,6.376726089253419
D1,K5_local,B4,gradient_boosting,0.05,White,Black_Pardo,8904,15145,1.985470194232037,1.2216937565498178,2.6891156711536905,amplification,False,5.148733639299677,4.507657576409736,5.85863951359954,8.108452672384974,6.122982478152937
D1,K5_global,B4,gradient_boosting,0.05,White,Black_Pardo,8904,15145,1.7383294223524208,0.9579112195467795,2.4388506380519908,inconclusive,False,5.166186973670185,4.535704282136535,5.892097237428441,8.11505551160584,6.376726089253419
D1,K5_local,B5,logistic_regression,0.05,White,Black_Pardo,8904,15145,1.7054368418851373,0.9680307899647527,2.458119208240674,inconclusive,False,4.728346245345177,4.152391507503147,5.3986838941893405,7.8284193200380745,6.122982478152937
D1,K5_global,B5,logistic_regression,0.05,White,Black_Pardo,8904,15145,1.4543465280367052,0.7071767982874139,2.2344656416544826,inconclusive,False,4.694753731740153,4.138266958881766,5.356524646796174,7.831072617290125,6.376726089253419
D1,K5_local,B5,gradient_boosting,0.05,White,Black_Pardo,8904,15145,1.2972354392712324,0.5290131899573948,2.0122118599272625,inconclusive,False,4.315020659568998,3.7804336323046814,4.858223116687503,7.42021791742417,6.122982478152937
D1,K5_global,B5,gradient_boosting,0.05,White,Black_Pardo,8904,15145,1.0276328524769696,0.26523730844424986,1.7663111411491839,inconclusive,False,4.317722371967655,3.7808193576982707,4.861620330116222,7.404358941730389,6.376726089253419
D1,K5_local,B6,logistic_regression,0.05,White,Black_Pardo,8904,15145,2.8553742394944104,2.0849993563269944,3.6458752128644423,amplification,False,6.417418824253748,5.606594021308044,7.391349772857732,8.978356717647348,6.122982478152937
D1,K5_global,B6,logistic_regression,0.05,White,Black_Pardo,8904,15145,2.7555923170952736,1.977955905136245,3.551728432579109,amplification,False,6.319575471698114,5.515168356340327,7.221979302811418,9.132318406348693,6.376726089253419
D1,K5_local,B6,gradient_boosting,0.05,White,Black_Pardo,8904,15145,2.0013291699258167,1.2495683386443777,2.7209069997807935,amplification,False,5.142851848826691,4.49935743346437,5.850317553908356,8.124311648078754,6.122982478152937
D1,K5_global,B6,gradient_boosting,0.05,White,Black_Pardo,8904,15145,1.7812782811973031,1.025564867556121,2.5134680790098223,amplification,False,5.160032868366201,4.51989751523977,5.874447989047678,8.158004370450723,6.376726089253419
D1,K20_local,B1,logistic_regression,0.2,White,Black_Pardo,8904,15145,-2.4544542023690124,-3.9461617215078992,-1.1512554812315938,attenuation,False,1.9687287354138463,1.8719435057483633,2.062658481443819,14.340639318572753,16.795093520941766
D1,K20_global,B1,logistic_regression,0.2,White,Black_Pardo,8904,15145,-2.5488687224455315,-4.047211097604852,-1.177331987255866,attenuation,False,1.9547784875101166,1.8624557116379807,2.0480677646747387,14.234993891038913,16.783862613484445
D1,K20_local,B1,gradient_boosting,0.2,White,Black_Pardo,8904,15145,-4.198829553311697,-5.525994378391336,-2.843285255854083,attenuation,False,1.8124804846241798,1.721583853880122,1.9018877111503036,12.596263967630069,16.795093520941766
D1,K20_global,B1,gradient_boosting,0.2,White,Black_Pardo,8904,15145,-4.22653715491192,-5.630133366377194,-2.8942489003425123,attenuation,False,1.80619200538398,1.7141819792864617,1.8938352726610905,12.557325458572524,16.783862613484445
D1,K20_local,B2,logistic_regression,0.2,White,Black_Pardo,8904,15145,-1.854709654531499,-3.2625386463348995,-0.4345941092944867,inconclusive,False,2.024319210759545,1.9231736402064956,2.1362481464177585,14.940383866410267,16.795093520941766
D1,K20_global,B2,logistic_regression,0.2,White,Black_Pardo,8904,15145,-1.7866456835199251,-3.1941917521164838,-0.363553743878057,inconclusive,False,2.025893633262478,1.9256484901135396,2.136869581973843,14.99721692996452,16.783862613484445
D1,K20_local,B2,gradient_boosting,0.2,White,Black_Pardo,8904,15145,-2.50993021338798,-3.8476207606197894,-1.1443721288698576,attenuation,False,1.9628339932928442,1.8682955783269026,2.0604053847282033,14.285163307553786,16.795093520941766
D1,K20_global,B2,gradient_boosting,0.2,White,Black_Pardo,8904,15145,-2.65463576561641,-3.9749284173326602,-1.2594206698233326,attenuation,False,1.9552997348703633,1.8623580904696724,2.05453353325168,14.129226847868035,16.783862613484445
D1,K20_local,B3,logistic_regression,0.2,White,Black_Pardo,8904,15145,5.130812448813909,3.953391344733763,6.3291749313390735,amplification,False,2.8336159354607937,2.6859320887599676,2.9820805655750013,21.925905969755675,16.795093520941766
D1,K20_global,B3,logistic_regression,0.2,White,Black_Pardo,8904,15145,5.350863337542425,4.1889893836964385,6.550802744775942,amplification,False,2.8348682240191674,2.6911948710096243,2.983226943990161,22.13472595102687,16.783862613484445
D1,K20_local,B3,gradient_boosting,0.2,White,Black_Pardo,8904,15145,5.204800732778711,4.138773248979542,6.324796583015879,amplification,False,2.8408198810640695,2.703688480464501,2.9894685153622453,21.999894253720477,16.795093520941766
D1,K20_global,B3,gradient_boosting,0.2,White,Black_Pardo,8904,15145,5.273543230057932,4.1953656210984684,6.409828215688002,amplification,False,2.8354912719804903,2.6972074391033574,2.98301073446362,22.057405843542377,16.783862613484445
D1,K20_local,B4,logistic_regression,0.2,White,Black_Pardo,8904,15145,9.716120923911028,8.548717147834484,10.88284875063663,amplification,False,3.559033414705517,3.36528543595525,3.7463285557400443,26.511214444852794,16.795093520941766
D1,K20_global,B4,logistic_regression,0.2,White,Black_Pardo,8904,15145,9.79017001569435,8.62450432358421,10.9475459150939,amplification,False,3.539203307059387,3.3444813776160642,3.7237169140407693,26.574032629178795,16.783862613484445
D1,K20_local,B4,gradient_boosting,0.2,White,Black_Pardo,8904,15145,8.156625071152565,7.009429716840235,9.320014418868581,amplification,False,3.294437025362894,3.133559508157652,3.459370590822574,24.95171859209433,16.795093520941766
D1,K20_global,B4,gradient_boosting,0.2,White,Black_Pardo,8904,15145,8.198277685280683,7.0468292133811605,9.360099451928749,amplification,False,3.2847494856569917,3.1244693451568373,3.4512213718633973,24.982140298765128,16.783862613484445
D1,K20_local,B5,logistic_regression,0.2,White,Black_Pardo,8904,15145,5.198197893557843,4.010424592075942,6.352048329905852,amplification,False,2.8392512339734766,2.686895063639653,2.985457762592455,21.99329141449961,16.795093520941766
D1,K20_global,B5,logistic_regression,0.2,White,Black_Pardo,8904,15145,5.262312322600607,4.069682756712076,6.411149432396093,amplification,False,2.834556700038506,2.682559065113338,2.98212386857732,22.046174936085052,16.783862613484445
D1,K20_local,B5,gradient_boosting,0.2,White,Black_Pardo,8904,15145,5.017885655791563,3.965228921414645,6.092843694688991,amplification,False,2.8121643973210433,2.6743356917576024,2.961188294816437,21.81297917673333,16.795093520941766
D1,K20_global,B5,gradient_boosting,0.2,White,Black_Pardo,8904,15145,5.054231675415579,4.004824599847476,6.13063959146638,amplification,False,2.8112701971817677,2.6700500417083664,2.9575375917968616,21.838094288900024,16.783862613484445
D1,K20_local,B6,logistic_regression,0.2,White,Black_Pardo,8904,15145,9.747160349030946,8.54894196991229,10.920597817978177,amplification,False,3.5669376427888677,3.365474854927281,3.753748016075702,26.54225386997271,16.795093520941766
D1,K20_global,B6,logistic_regression,0.2,White,Black_Pardo,8904,15145,9.793441031395524,8.599620614829334,10.972756484412287,amplification,False,3.554018170696111,3.35471195152265,3.7451634735436516,26.57730364487997,16.783862613484445
D1,K20_local,B6,gradient_boosting,0.2,White,Black_Pardo,8904,15145,7.931389203556989,6.886995454541409,9.056485606196112,amplification,False,3.2572789684299797,3.0932054735298444,3.427884324301616,24.726482724498755,16.795093520941766
D1,K20_global,B6,gradient_boosting,0.2,White,Black_Pardo,8904,15145,7.922133067084076,6.866591706199163,9.058492783298442,amplification,False,3.2581309872191326,3.096648860696815,3.4309889141968886,24.70599568056852,16.783862613484445
D2,ufs_eng_computacao,B3,logistic_regression,0.1,White,Black_Pardo,8904,15145,3.5396594524864007,2.6383416061628866,4.426847285909762,amplification,False,4.053106125617306,3.695460721238686,4.4102600399643475,14.37348740551429,10.833827953027889
D2,ufs_eng_computacao,B3,gradient_boosting,0.1,White,Black_Pardo,8904,15145,3.5594679701489973,2.638648129477347,4.423588765473736,amplification,False,4.070231926148083,3.7234327273936008,4.422005448804841,14.393295923176886,10.833827953027889
D2,ufs_eng_computacao,B4,logistic_regression,0.1,White,Black_Pardo,8904,15145,5.853418452414321,4.934779183822628,6.729973816301656,amplification,False,5.342411457223751,4.87008684904584,5.830636064370717,16.68724640544221,10.833827953027889
D2,ufs_eng_computacao,B4,gradient_boosting,0.1,White,Black_Pardo,8904,15145,5.433986142343091,4.5241528469775725,6.347036912867143,amplification,False,5.085838216822447,4.653939587874588,5.554248423282876,16.26781409537098,10.833827953027889
D2,ufs_medicina,B3,logistic_regression,0.1,White,Black_Pardo,8904,15145,3.5865578533001,2.658034978288645,4.446105863594125,amplification,False,4.163484576220426,3.8076156296128336,4.526215241094906,14.60069804409427,11.014140190794171
D2,ufs_medicina,B3,gradient_boosting,0.1,White,Black_Pardo,8904,15145,3.225933377767536,2.2944311421161796,4.132317627711993,amplification,False,3.9829310400534856,3.6659252154915296,4.310511031578571,14.240073568561707,11.014140190794171
D2,ufs_medicina,B4,logistic_regression,0.1,White,Black_Pardo,8904,15145,5.735863591155516,4.792470238280624,6.635042726391214,amplification,False,5.3662445314565925,4.888654443351525,5.858717658672108,16.750003781949687,11.014140190794171
D2,ufs_medicina,B4,gradient_boosting,0.1,White,Black_Pardo,8904,15145,5.644720086780174,4.727085092681497,6.562989762484664,amplification,False,5.29078977727659,4.815559929329489,5.7564871586307005,16.658860277574345,11.014140190794171
D2,ufs_direito,B3,logistic_regression,0.1,White,Black_Pardo,8904,15145,3.622225346656478,2.6627557042924668,4.556375521797823,amplification,False,3.873292779991406,3.536923421724951,4.208192551460523,13.963311231915979,10.341085885259501
D2,ufs_direito,B3,gradient_boosting,0.1,White,Black_Pardo,8904,15145,3.27215325231359,2.325409592566853,4.222161680128925,amplification,False,3.730761678656218,3.434151062682575,4.05414752830657,13.61323913757309,10.341085885259501
D2,ufs_direito,B4,logistic_regression,0.1,White,Black_Pardo,8904,15145,5.813801417089136,4.831218315047978,6.748642131750075,amplification,False,4.9783051738873185,4.5401276269741135,5.422258391318786,16.154887302348637,10.341085885259501
D2,ufs_direito,B4,gradient_boosting,0.1,White,Black_Pardo,8904,15145,5.091195413488718,4.141880788051533,6.038562149446631,amplification,False,4.579202148078741,4.1915910196025745,4.99353918683606,15.432281298748219,10.341085885259501
D2,objective_only,B3,logistic_regression,0.1,White,Black_Pardo,8904,15145,3.2325362169884,2.2243784773544246,4.134303837240311,amplification,False,4.184999709127577,3.8115127495544683,4.543593354146765,14.615878493520407,11.383342276532007
D2,objective_only,B3,gradient_boosting,0.1,White,Black_Pardo,8904,15145,3.2814093887865052,2.249537434182953,4.166925637525483,amplification,False,4.214148537934137,3.8374668197669064,4.580047805237183,14.664751665318512,11.383342276532007
D2,objective_only,B4,logistic_regression,0.1,White,Black_Pardo,8904,15145,5.3791886575917705,4.327498100126454,6.305130185090101,amplification,False,5.422796707270115,4.889754242814082,5.919872952859658,16.762530934123777,11.383342276532007
D2,objective_only,B4,gradient_boosting,0.1,White,Black_Pardo,8904,15145,5.367279223866804,4.307487711629749,6.262484809168754,amplification,False,5.458491434508611,4.92803568071341,5.989895233600286,16.75062150039881,11.383342276532007
D2,standardised_equal,B3,logistic_regression,0.1,White,Black_Pardo,8904,15145,3.4749273049945177,2.4831871943480195,4.362900894082569,amplification,False,4.195931757510791,3.8306240980926063,4.541124420347475,14.644943147655917,11.1700158426614
D2,standardised_equal,B3,gradient_boosting,0.1,White,Black_Pardo,8904,15145,3.0872129463108493,2.152388564481649,3.976300986985052,amplification,False,4.011516457586956,3.6662461063228093,4.3612110874281536,14.257228788972249,11.1700158426614
D2,standardised_equal,B4,logistic_regression,0.1,White,Black_Pardo,8904,15145,5.811148119837085,4.812827268420837,6.746719992898834,amplification,False,5.568023591688092,5.0644377213986616,6.081706307162488,16.981163962498485,11.1700158426614
D2,standardised_equal,B4,gradient_boosting,0.1,White,Black_Pardo,8904,15145,5.255648675561218,4.283192188746283,6.194502613549701,amplification,False,5.2092502390606015,4.71602675109424,5.6985809786311785,16.425664518222618,11.1700158426614
D3,state_only,B2,logistic_regression,0.1,White,Black_Pardo,8904,15145,-5.262930041049726,-6.361371855531299,-4.220322150923819,attenuation,False,1.7278746439643098,1.6121088814926257,1.8412400390926333,5.762441057201766,11.025371098251492
D3,state_only,B2,gradient_boosting,0.1,White,Black_Pardo,8904,15145,-4.815111603110631,-5.931539665829892,-3.6876850930671075,attenuation,False,1.8025117752039963,1.674743244106219,1.9343966489610112,6.210259495140861,11.025371098251492
D3,state_only,B3,logistic_regression,0.1,White,Black_Pardo,8904,15145,3.1512665675350924,2.165358686782485,4.059360889063699,amplification,False,3.98616380317577,3.6554312930910395,4.317178756851313,14.176637665786584,11.025371098251492
D3,state_only,B3,gradient_boosting,0.1,White,Black_Pardo,8904,15145,2.8996193430560613,1.9733489713245123,3.7831114515360227,amplification,False,3.8693058535184064,3.551684507559847,4.186090024887795,13.924990441307553,11.025371098251492
D3,state_only,B4,logistic_regression,0.1,White,Black_Pardo,8904,15145,5.50137158708703,4.5418609736014,6.4378278616678495,amplification,False,5.235152588315599,4.783726407585561,5.7127368296902326,16.526742685338522,11.025371098251492
D3,state_only,B4,gradient_boosting,0.1,White,Black_Pardo,8904,15145,5.735185064887874,4.812846141091342,6.6213689575196595,amplification,False,5.406920539769891,4.923011938374553,5.921183265668365,16.760556163139366,11.025371098251492
D3,state_only,B5,logistic_regression,0.1,White,Black_Pardo,8904,15145,3.133432820856905,2.1525706727747353,4.046448311722826,amplification,False,3.978265074373565,3.643840931664876,4.315001946305914,14.158803919108397,11.025371098251492
D3,state_only,B5,gradient_boosting,0.1,White,Black_Pardo,8904,15145,3.086534420043206,2.1926435628101757,4.001310408489128,amplification,False,3.9601774110051693,3.616361318450125,4.301777143800514,14.111905518294698,11.025371098251492
D3,state_only,B6,logistic_regression,0.1,White,Black_Pardo,8904,15145,5.483537840408845,4.509824559803306,6.41514489539127,amplification,False,5.223436247905588,4.755598350760673,5.696164436250499,16.508908938660337,11.025371098251492
D3,state_only,B6,gradient_boosting,0.1,White,Black_Pardo,8904,15145,5.485512611393249,4.5559979386149525,6.458729399868359,amplification,False,5.238259894619824,4.758270481366958,5.729311227890769,16.51088370964474,11.025371098251492
D4,black_vs_white,B3,logistic_regression,0.1,White,Black,8904,3287,3.81367039586096,2.656654416879799,4.977695185449718,amplification,False,7.50625187181791,6.096146281557138,9.332184317950638,16.626868184749146,12.813197788888186
D4,pardo_vs_white,B3,logistic_regression,0.1,White,Pardo,8904,11858,3.440927283122825,2.4883623533617407,4.404323673957344,amplification,False,3.680659868514787,3.4021360989507805,4.053746689837801,13.97071849166924,10.529791208546415
D4,bpi_vs_white,B3,logistic_regression,0.1,White,Black_Pardo_Indigenous,8904,15300,3.521519299543721,2.6213801243767936,4.397081065130454,amplification,False,4.174830242357552,3.858803004889511,4.548255853597985,14.587618695276856,11.066099395733135
D4,sex_f_vs_m,B3,logistic_regression,0.1,F,M,14837,9939,0.20161537647629135,-0.6186198946281082,1.0430498047254517,inconclusive,False,0.7495313919672185,0.6982252623376991,0.8065170594935096,-2.9459483126101373,-3.1475636890864287
D4,black_vs_white,B3,gradient_boosting,0.1,White,Black,8904,3287,3.4692092047109817,2.316685417874493,4.648686998606782,amplification,False,6.817420846517442,5.560386761501149,8.415848631650519,16.282406993599167,12.813197788888186
D4,pardo_vs_white,B3,gradient_boosting,0.1,White,Pardo,8904,11858,3.3314159906906795,2.3677331918265527,4.334574368496815,amplification,False,3.655350484144644,3.3770187297727983,4.019098118399193,13.861207199237095,10.529791208546415
D4,bpi_vs_white,B3,gradient_boosting,0.1,White,Black_Pardo_Indigenous,8904,15300,3.3616176030160503,2.4323991860895315,4.249726934799076,amplification,False,4.100338062933463,3.777853082210619,4.461689955066173,14.427716998749185,11.066099395733135
D4,sex_f_vs_m,B3,gradient_boosting,0.1,F,M,14837,9939,-0.18481409510326818,-0.970341337330595,0.6930000983352366,practical_reproduction,False,0.7221434329105587,0.6693412020104962,0.7784642848425569,-3.332377784189697,-3.1475636890864287
D4,black_vs_white,B4,logistic_regression,0.1,White,Black,8904,3287,6.415256977649712,5.3182325633584435,7.559980203945353,amplification,False,15.045317959468903,11.479128831275405,20.31526237782134,19.228454766537897,12.813197788888186
D4,pardo_vs_white,B4,logistic_regression,0.1,White,Pardo,8904,11858,5.555971023993569,4.617822959528425,6.519834485330073,amplification,False,4.565326515017928,4.1864511688385475,5.046947593967788,16.085762232539984,10.529791208546415
D4,bpi_vs_white,B4,logistic_regression,0.1,White,Black_Pardo_Indigenous,8904,15300,5.733999260081392,4.83681447421736,6.632576017828516,amplification,False,5.424122365472672,4.9729264548215015,5.966671490315786,16.800098655814526,11.066099395733135
D4,sex_f_vs_m,B4,logistic_regression,0.1,F,M,14837,9939,0.36962819020653637,-0.41715724936739745,1.2257086757223377,inconclusive,False,0.7617782491512748,0.7085841945528407,0.8209101368686166,-2.7779354988798923,-3.1475636890864287
D4,black_vs_white,B4,gradient_boosting,0.1,White,Black,8904,3287,6.018905372275711,4.967560803388121,7.155668389673059,amplification,False,15.068437066078575,11.53446671907757,20.846139242534164,18.832103161163896,12.813197788888186
D4,pardo_vs_white,B4,gradient_boosting,0.1,White,Pardo,8904,11858,4.867769655811802,3.8622245444255974,5.871287369618048,amplification,False,4.225870613596462,3.883723814513323,4.625771213710931,15.397560864358217,10.529791208546415
D4,bpi_vs_white,B4,gradient_boosting,0.1,White,Black_Pardo_Indigenous,8904,15300,5.111146345330587,4.2109485932737885,5.961994609164417,amplification,False,5.050930602917756,4.618725025338255,5.5255704939919505,16.17724574106372,11.066099395733135
D4,sex_f_vs_m,B4,gradient_boosting,0.1,F,M,14837,9939,-0.033602562746049,-0.820581946720719,0.8368014118447121,practical_reproduction,False,0.7327336316402113,0.6801408026304503,0.7908982910409114,-3.1811662518324777,-3.1475636890864287
D4,race_not_declared_retained,B3,logistic_regression,0.1,White,Black_Pardo,8904,15145,3.5099770799017698,2.5665882876132686,4.431644911557252,amplification,False,4.084605905875504,3.7370529294516013,4.422458858293174,14.460681367920818,10.950704288019049
D4,race_not_declared_retained,B3,gradient_boosting,0.1,White,Black_Pardo,8904,15145,3.3065245009532003,2.3783399992050467,4.226711180214502,amplification,False,4.011516457586956,3.684848512581577,4.33952760098119,14.257228788972249,10.950704288019049
D4,race_not_declared_retained,B4,logistic_regression,0.1,White,Black_Pardo,8904,15145,5.8303389190505595,4.895668799982915,6.75732326355859,amplification,False,5.397039781506387,4.912459759457635,5.901604570432952,16.781043207069608,10.950704288019049
D4,race_not_declared_retained,B4,gradient_boosting,0.1,White,Black_Pardo,8904,15145,5.051578378163528,4.1141940798694385,5.97733546145867,amplification,False,4.934327450963233,4.51871505262869,5.386943056990885,16.002282666182577,10.950704288019049
D5,white_bp_only_population,B3,logistic_regression,0.1,White,Black_Pardo,8904,15145,3.406245615533816,2.469129520505136,4.280421169040693,amplification,False,4.074522464352973,3.7146016150012815,4.413023026827654,14.372808879246646,10.96656326371283
D5,white_bp_only_population,B3,gradient_boosting,0.1,White,Black_Pardo,8904,15145,3.03173693529188,2.083202615062481,3.926582697743317,amplification,False,3.9081516668576994,3.5816456721154686,4.224618875234542,13.99830019900471,10.96656326371283
D5,white_bp_only_population,B4,logistic_regression,0.1,White,Black_Pardo,8904,15145,5.742466430376384,4.810765586749472,6.682650539395013,amplification,False,5.385758313985809,4.895567287449571,5.890855600917692,16.709029694089214,10.96656326371283
D5,white_bp_only_population,B4,gradient_boosting,0.1,White,Black_Pardo,8904,15145,5.171786536674384,4.2375564956543155,6.064460051042973,amplification,False,5.013387647403355,4.552336798879865,5.46981526309379,16.138349800387214,10.96656326371283
D6,end_to_end_absence,B3,logistic_regression,0.1,White,Black_Pardo,12258,21701,2.825898557870147,2.111627996027139,3.520490007592097,amplification,False,4.511799377117465,4.128357212221535,4.962141674801653,11.004209835675205,8.178311277805058
D6,end_to_end_absence,B3,gradient_boosting,0.1,White,Black_Pardo,12258,21701,2.793266807176723,2.042569828108296,3.502842222327631,amplification,False,4.501385529738083,4.105051635569566,4.9186058613186425,10.97157808498178,8.178311277805058
D6,end_to_end_absence,B4,logistic_regression,0.1,White,Black_Pardo,12258,21701,4.396119048644248,3.67046242901859,5.11904811043465,amplification,False,5.899061265965464,5.377169664055172,6.503389526313353,12.574430326449306,8.178311277805058
D6,end_to_end_absence,B4,gradient_boosting,0.1,White,Black_Pardo,12258,21701,3.87482867334686,3.1411725494302924,4.601529028563188,amplification,False,5.4034543784502995,4.931866122629017,5.928012007824824,12.053139951151918,8.178311277805058
